{"schemaVersion":"1.0","appDefinitionTemplate":{"id":"/providers/Microsoft.PowerApps/apps/","type":"Microsoft.PowerApps/apps","tags":{"primaryDeviceWidth":"640","primaryDeviceHeight":"1136","sienaVersion":"20200914T105405Z-3.20085.19.0","deviceCapabilities":"","supportsPortrait":"true","supportsLandscape":"false","primaryFormFactor":"Phone","publisherVersion":"3.20085.19","minimumRequiredApiVersion":"2.2.0","hasComponent":"false","hasUnlockedComponent":"false","isUnifiedRootApp":"false"},"properties":{"appVersion":"2020-09-14T10:54:05Z","lifeCycleId":"Published","createdByClientVersion":{"major":3,"minor":20085,"build":19,"revision":0,"majorRevision":0,"minorRevision":0},"minClientVersion":{"major":3,"minor":20085,"build":19,"revision":0,"majorRevision":0,"minorRevision":0},"backgroundColor":"rgba(142, 140, 216, 1)","backgroundImageUri":"/1940375449168968959/N44fcc324-dedd-4068-ac7f-5366f2df77cd-logoSmallFile","displayName":"OneStepForwards","description":"This is the app for all Chinese international student in Melbourne, Victoria or even all over Australi! Came in to share your stories, questions, and meet new friends.\nJust one step forwards to independent women!","commitMessage":"","appUris":{"documentUri":{"value":"/1940375449168968959/Nc5b3593e-a444-4492-88ef-387c54bbf3c5-document.msapp","readonlyValue":"/1940375449168968959/Nc5b3593e-a444-4492-88ef-387c54bbf3c5-document.msapp"},"imageUris":[]},"createdTime":"0001-01-01T00:00:00Z","lastModifiedTime":"0001-01-01T00:00:00Z","sharedGroupsCount":0,"sharedUsersCount":0,"icons":{"smallIconUri":"/1940375449168968959/Nd7e9d6b9-9ff1-4f52-95ff-444ebdb5a9cb-small.png","mediumIconUri":"/1940375449168968959/N4b69311d-9879-45af-b9aa-263e7e5e0b03-medium.png","largeIconUri":"/1940375449168968959/N72c00ee7-6e57-4b6f-95bc-0961422be06c-large.png","wideIconUri":"/1940375449168968959/N20fc5c13-e1e3-46a5-9ab1-5da587d27a7a-wide.png"},"connectionReferences":{"fb010fab-8315-4882-9efa-6110456c5ecb":{"id":"ebf122e5-ccf5-44d5-99d8-b2b528eaa09b","displayName":"Excel","iconUri":"https://connectoricons-prod.azureedge.net/excel/icon_1.0.1352.2014.png","dataSources":["Table2"],"dependencies":["eb7c611e-5796-41a9-93b6-2529079f998d"],"dependents":[],"parameterHints":{"eb7c611e-5796-41a9-93b6-2529079f998d":{"value":"fileSource"}},"isOnPremiseConnection":false,"dataSets":{"b!Uz6kiE8_HUyWtjDa4wkTWRaH_7vadedAuVckKim2utaWy5iHR1WxQbIrqB25FvD5.01Z5MF23TRANIXC3DWIJCYMLUE6JWZZORV":{"dataSources":{"Table2":{"tableName":"Table2"}}}},"apiTier":"Standard","isCustomApiConnection":false},"eb7c611e-5796-41a9-93b6-2529079f998d":{"id":"6922c416-32b6-49e7-848c-47613c12bcf9","displayName":"OneDrive for Business","iconUri":"https://connectoricons-prod.azureedge.net/onedriveforbusiness/icon_1.0.1341.1987.png","dataSources":[],"dependencies":[],"dependents":["fb010fab-8315-4882-9efa-6110456c5ecb"],"parameterHints":{},"isOnPremiseConnection":false,"dataSets":{},"apiTier":"Standard","isCustomApiConnection":false}},"databaseReferences":{"default.cds":{"databaseDetails":{"referenceType":"NotSpecified","environmentName":"default.cds"},"dataSources":{"Booking Alert Statuses":{"entitySetName":"msdyn_bookingalertstatuses","logicalName":"msdyn_bookingalertstatus"}}}},"almMode":"Environment","performanceOptimizationEnabled":true,"canConsumeAppPass":true},"isAppComponentLibrary":false,"appType":"ClassicCanvasApp","appComponents":[]}}